Gender_b,Married_l,Married_u,Married_y,BankCustomer_g,BankCustomer_gg,BankCustomer_p,PriorDefault_t,Employed_t,DriversLicense_t,Citizen_p,Citizen_s,Age,Debt,EducationLevel,Ethnicity,YearsEmployed,CreditScore,Income,Approved
0,0,1,0,1,0,0,1,1,0,0,0,58.67,4.46,0.6538461538461539,0.6304347826086957,3.04,6,560,1
0,0,1,0,1,0,0,1,0,0,0,0,24.5,0.5,0.6538461538461539,0.6304347826086957,1.5,0,824,1
1,0,1,0,1,0,0,1,1,1,0,0,27.83,1.54,0.5079365079365079,0.4221105527638191,3.75,5,3,1
1,0,1,0,1,0,0,1,0,0,0,1,20.17,5.625,0.5079365079365079,0.4221105527638191,1.71,0,0,1
1,0,1,0,1,0,0,1,0,1,0,0,32.08,4.0,0.42105263157894735,0.4221105527638191,2.5,0,0,1
1,0,1,0,1,0,0,1,0,1,0,0,33.17,1.04,0.6666666666666666,0.6304347826086957,6.5,0,1584,1
0,0,1,0,1,0,0,1,0,0,0,0,22.92,11.585,0.7073170731707317,0.4221105527638191,0.04,0,1349,1
1,0,0,1,0,0,1,1,0,0,0,0,54.42,0.5,0.27450980392156865,0.6304347826086957,3.96,0,314,1
1,0,0,1,0,0,1,1,0,1,0,0,42.5,4.915,0.5079365079365079,0.4221105527638191,3.165,0,1442,1
1,0,1,0,1,0,0,0,0,1,0,0,22.08,0.83,0.45255474452554745,0.6304347826086957,2.165,0,0,1
1,0,1,0,1,0,0,1,0,0,0,0,29.92,1.835,0.45255474452554745,0.6304347826086957,4.335,0,200,1
0,0,1,0,1,0,0,1,0,1,0,0,38.25,6.0,0.27450980392156865,0.4221105527638191,1.0,0,0,1
1,0,1,0,1,0,0,0,0,0,0,0,48.08,6.04,0.27450980392156865,0.4221105527638191,0.04,0,1584,1
0,0,1,0,1,0,0,1,1,1,0,0,45.83,10.5,0.6538461538461539,0.4221105527638191,5.0,7,0,1
1,0,0,1,0,0,1,1,1,1,0,0,36.67,4.415,0.27450980392156865,0.4221105527638191,0.25,10,0,1
1,0,1,0,1,0,0,1,1,1,0,0,28.25,0.875,0.42105263157894735,0.4221105527638191,0.96,3,0,1
0,0,1,0,1,0,0,1,1,0,0,0,23.25,5.875,0.6538461538461539,0.4221105527638191,3.17,10,245,1
1,0,1,0,1,0,0,1,0,1,0,0,21.83,0.25,0.23333333333333334,0.6304347826086957,0.665,0,0,1
0,0,1,0,1,0,0,1,1,0,0,0,19.17,8.585,0.7073170731707317,0.6304347826086957,0.75,7,0,1
1,0,1,0,1,0,0,1,1,0,0,0,25.0,11.25,0.45255474452554745,0.4221105527638191,2.5,12,1208,1
1,0,1,0,1,0,0,1,0,0,0,1,23.25,1.0,0.45255474452554745,0.4221105527638191,0.835,0,0,1
0,0,1,0,1,0,0,1,1,1,0,0,47.75,8.0,0.45255474452554745,0.4221105527638191,7.875,6,1260,1
0,0,1,0,1,0,0,1,1,0,0,0,27.42,14.5,0.8421052631578947,0.6304347826086957,3.085,1,11,1
0,0,1,0,1,0,0,1,1,1,0,0,41.17,6.5,0.6538461538461539,0.4221105527638191,0.5,3,0,1
0,0,1,0,1,0,0,1,1,0,0,0,15.83,0.585,0.45255474452554745,0.6304347826086957,1.5,2,0,1
0,0,1,0,1,0,0,1,1,1,0,0,47.0,13.0,0.23728813559322035,0.423728813559322,5.165,9,0,1
1,0,1,0,1,0,0,1,1,1,0,0,56.58,18.5,0.23333333333333334,0.423728813559322,10.0,12,0,1
1,0,1,0,1,0,0,1,1,0,0,0,57.42,8.5,0.56,0.6304347826086957,7.0,3,0,1
1,0,1,0,1,0,0,1,1,1,0,0,42.08,1.04,0.5079365079365079,0.4221105527638191,5.0,6,1584,1
1,0,1,0,1,0,0,1,1,1,0,0,29.25,14.79,0.35185185185185186,0.4221105527638191,5.04,5,0,1
1,0,1,0,1,0,0,1,1,0,0,0,42.0,9.79,0.8421052631578947,0.6304347826086957,7.96,8,0,1
1,0,1,0,1,0,0,1,1,1,0,0,49.5,7.585,0.23728813559322035,0.423728813559322,7.585,12,1584,1
0,0,1,0,1,0,0,1,0,1,0,0,36.75,5.125,0.56,0.4221105527638191,5.0,0,1584,1
0,0,1,0,1,0,0,1,1,1,0,0,22.58,10.75,0.6538461538461539,0.4221105527638191,0.415,5,560,1
1,0,1,0,1,0,0,1,1,1,0,0,27.83,1.5,0.5079365079365079,0.4221105527638191,2.0,11,35,1
1,0,1,0,1,0,0,1,1,1,0,0,27.25,1.585,0.7073170731707317,0.6304347826086957,1.835,12,713,1
0,0,1,0,1,0,0,1,1,1,0,0,23.0,11.75,0.8421052631578947,0.6304347826086957,0.5,2,551,1
1,0,0,1,0,0,1,1,1,0,0,0,27.75,0.585,0.7073170731707317,0.4221105527638191,0.25,2,500,1
1,0,1,0,1,0,0,1,1,1,0,0,54.58,9.415,0.1320754716981132,0.14035087719298245,10.0,11,300,1
1,0,1,0,1,0,0,1,1,1,0,0,34.17,9.17,0.45255474452554745,0.4221105527638191,4.5,12,221,1
1,0,1,0,1,0,0,1,1,0,0,0,28.92,15.0,0.45255474452554745,0.6304347826086957,5.335,11,1584,1
1,0,1,0,1,0,0,1,1,0,0,0,29.67,1.415,0.5079365079365079,0.6304347826086957,0.75,1,100,1
1,0,1,0,1,0,0,1,1,1,0,0,39.58,13.915,0.5079365079365079,0.4221105527638191,8.625,6,0,1
1,0,0,1,0,0,1,1,1,0,0,0,56.42,26.0,0.45255474452554745,0.4221105527638191,10.0,12,15,1
1,0,1,0,1,0,0,1,1,1,0,0,54.33,6.75,0.45255474452554745,0.6304347826086957,2.625,11,284,1
0,0,0,1,0,0,1,1,1,1,0,0,41.0,2.04,0.6538461538461539,0.6304347826086957,0.125,12,1236,1
1,0,1,0,1,0,0,1,1,0,0,0,31.92,4.46,0.7073170731707317,0.6304347826086957,6.04,3,300,1
1,0,1,0,1,0,0,0,0,0,0,0,41.5,1.54,0.23728813559322035,0.423728813559322,3.5,0,0,1
1,0,1,0,1,0,0,0,0,0,0,0,23.92,0.665,0.45255474452554745,0.4221105527638191,0.165,0,0,1
0,0,1,0,1,0,0,1,0,1,0,0,25.75,0.5,0.45255474452554745,0.6304347826086957,0.875,0,0,1
1,0,1,0,1,0,0,1,0,1,0,0,26.0,1.0,0.6538461538461539,0.4221105527638191,1.75,0,0,1
1,0,1,0,1,0,0,1,0,1,0,0,37.42,2.04,0.5079365079365079,0.4221105527638191,0.04,0,1584,1
1,0,1,0,1,0,0,1,0,1,0,0,34.92,2.5,0.5079365079365079,0.4221105527638191,0.0,0,200,1
1,0,1,0,1,0,0,1,0,1,0,0,34.25,3.0,0.7073170731707317,0.6304347826086957,7.415,0,0,1
1,0,0,1,0,0,1,1,0,1,0,0,23.33,11.625,0.5079365079365079,0.4221105527638191,0.835,0,300,1
1,0,1,0,1,0,0,1,0,0,0,0,23.17,0.0,0.7073170731707317,0.4221105527638191,0.085,0,0,1
1,0,1,0,1,0,0,1,0,1,0,0,44.33,0.5,0.23728813559322035,0.6304347826086957,5.0,0,0,1
1,0,1,0,1,0,0,0,0,1,0,1,35.17,4.5,0.8421052631578947,0.6304347826086957,5.75,0,0,1
1,0,1,0,1,0,0,1,1,0,0,0,43.25,3.0,0.6538461538461539,0.6304347826086957,6.0,11,0,1
1,0,1,0,1,0,0,1,1,1,0,0,56.75,12.25,0.42105263157894735,0.4221105527638191,1.25,4,0,1
1,0,1,0,1,0,0,1,1,0,0,0,31.67,16.165,0.23333333333333334,0.4221105527638191,3.0,9,730,1
0,0,0,1,0,0,1,1,1,1,0,0,23.42,0.79,0.6538461538461539,0.4221105527638191,1.5,2,400,1
0,0,1,0,1,0,0,1,1,0,0,0,20.42,0.835,0.6538461538461539,0.4221105527638191,1.585,1,0,1
1,0,1,0,1,0,0,1,1,1,0,0,26.67,4.25,0.7073170731707317,0.4221105527638191,4.29,1,0,1
1,0,1,0,1,0,0,1,1,1,0,0,34.17,1.54,0.7073170731707317,0.4221105527638191,1.54,1,1584,1
0,0,1,0,1,0,0,1,1,0,0,0,36.0,1.0,0.45255474452554745,0.4221105527638191,2.0,11,456,1
1,0,1,0,1,0,0,1,1,0,0,0,25.5,0.375,0.42105263157894735,0.4221105527638191,0.25,3,1584,1
1,0,1,0,1,0,0,1,1,0,0,0,19.42,6.5,0.5079365079365079,0.6304347826086957,1.46,7,1584,1
1,0,1,0,1,0,0,1,1,1,0,0,35.17,25.125,0.8421052631578947,0.6304347826086957,1.625,1,500,1
1,0,1,0,1,0,0,1,0,1,0,1,32.33,7.5,0.56,0.423728813559322,1.585,0,0,0
1,0,1,0,1,0,0,1,0,1,0,0,34.83,4.0,0.23333333333333334,0.423728813559322,10.0,0,0,0
0,0,1,0,1,0,0,1,0,1,0,0,38.58,5.0,0.7073170731707317,0.4221105527638191,10.0,0,0,0
1,0,1,0,1,0,0,1,0,0,0,1,44.25,0.5,0.42105263157894735,0.4221105527638191,10.0,0,0,0
1,0,0,1,0,0,1,0,0,0,0,0,44.83,7.0,0.45255474452554745,0.4221105527638191,1.625,0,2,0
1,0,1,0,1,0,0,1,1,0,0,0,20.67,5.29,0.6538461538461539,0.4221105527638191,0.375,1,0,0
1,0,1,0,1,0,0,1,0,1,0,0,34.08,6.5,0.35185185185185186,0.4221105527638191,0.125,0,0,0
0,0,0,1,0,0,1,1,0,1,0,0,19.17,0.585,0.35185185185185186,0.4221105527638191,0.585,0,0,0
1,0,0,1,0,0,1,1,1,0,0,0,21.67,1.165,0.27450980392156865,0.4221105527638191,2.5,1,20,0
1,0,1,0,1,0,0,1,0,0,0,0,21.5,9.75,0.45255474452554745,0.4221105527638191,0.25,0,0,0
1,0,1,0,1,0,0,1,1,0,0,0,49.58,19.0,0.1320754716981132,0.14035087719298245,0.0,1,0,0
0,0,1,0,1,0,0,1,0,0,0,1,27.67,1.5,0.42105263157894735,0.4221105527638191,2.0,0,0,0
1,0,1,0,1,0,0,1,0,0,0,1,39.83,0.5,0.42105263157894735,0.4221105527638191,0.25,0,0,0
0,0,1,0,1,0,0,1,0,1,0,0,31.56926144756281,3.5,0.23333333333333334,0.4221105527638191,3.0,0,0,0
1,0,1,0,1,0,0,1,0,1,0,0,27.25,0.625,0.35185185185185186,0.4221105527638191,0.455,0,0,0
1,0,1,0,1,0,0,1,0,1,0,1,37.17,4.0,0.45255474452554745,0.423728813559322,5.0,0,0,0
1,0,1,0,1,0,0,1,0,1,0,1,31.56926144756281,0.375,0.23333333333333334,0.4221105527638191,0.875,0,0,0
1,0,0,1,0,0,1,1,0,0,0,0,25.67,2.21,0.35185185185185186,0.4221105527638191,4.0,0,0,0
1,0,1,0,1,0,0,1,0,1,0,0,34.0,4.5,0.35185185185185186,0.4221105527638191,1.0,0,0,0
0,0,1,0,1,0,0,1,0,1,0,0,49.0,1.5,0.3,0.375,0.0,0,27,0
1,0,0,1,0,0,1,1,0,0,0,0,62.5,12.75,0.45255474452554745,0.6304347826086957,5.0,0,0,0
1,0,1,0,1,0,0,1,0,0,0,0,31.42,15.5,0.45255474452554745,0.4221105527638191,0.5,0,0,0
1,0,0,1,0,0,1,1,0,0,0,0,31.56926144756281,5.0,0.35185185185185186,0.4221105527638191,8.5,0,0,0
1,0,0,1,0,0,1,1,0,1,0,0,52.33,1.375,0.45255474452554745,0.6304347826086957,9.46,0,100,0
1,0,0,1,0,0,1,1,0,1,0,0,28.75,1.5,0.45255474452554745,0.4221105527638191,1.5,0,225,0
0,0,1,0,1,0,0,1,0,1,0,0,28.58,3.54,0.23728813559322035,0.423728813559322,0.5,0,0,0
1,0,0,1,0,0,1,1,0,0,0,0,23.0,0.625,0.35185185185185186,0.4221105527638191,0.125,0,1,0
1,0,1,0,1,0,0,1,0,1,0,1,31.56926144756281,0.5,0.45255474452554745,0.423728813559322,0.835,0,0,0
0,0,0,1,0,0,1,1,0,1,0,0,22.5,11.0,0.6538461538461539,0.4221105527638191,3.0,0,0,0
0,0,1,0,1,0,0,1,1,1,0,0,28.5,1.0,0.6538461538461539,0.4221105527638191,1.0,2,500,0
1,0,0,1,0,0,1,1,0,1,0,0,37.5,1.75,0.45255474452554745,0.423728813559322,0.25,0,400,0
1,0,0,1,0,0,1,1,0,0,0,0,35.25,16.5,0.45255474452554745,0.4221105527638191,4.0,0,0,0
1,0,1,0,1,0,0,1,1,0,0,0,18.67,5.0,0.6538461538461539,0.4221105527638191,0.375,2,38,0
1,0,1,0,1,0,0,1,1,1,0,0,25.0,12.0,0.27450980392156865,0.4221105527638191,2.25,2,5,0
1,0,0,1,0,0,1,1,1,1,0,0,27.83,4.0,0.23728813559322035,0.6304347826086957,5.75,2,0,0
1,0,1,0,1,0,0,1,1,0,0,0,54.83,15.5,0.56,0.75,0.0,12,130,0
1,0,1,0,1,0,0,1,0,0,0,1,28.75,1.165,0.27450980392156865,0.4221105527638191,0.5,0,0,0
0,0,0,1,0,0,1,1,0,0,0,0,25.0,11.0,0.35185185185185186,0.4221105527638191,4.5,0,0,0
1,0,0,1,0,0,1,1,0,1,0,0,40.92,2.25,0.8421052631578947,0.6304347826086957,10.0,0,0,0
0,0,1,0,1,0,0,1,1,1,0,0,19.75,0.75,0.45255474452554745,0.4221105527638191,0.795,5,5,0
1,0,1,0,1,0,0,1,1,1,0,0,29.17,3.5,0.5079365079365079,0.4221105527638191,3.5,3,0,0
0,0,0,1,0,0,1,1,1,0,0,0,24.5,1.04,0.1320754716981132,0.14035087719298245,0.5,3,147,0
1,0,1,0,1,0,0,1,0,1,0,0,24.58,12.5,0.5079365079365079,0.4221105527638191,0.875,0,0,0
0,0,1,0,1,0,0,1,1,1,0,0,33.75,0.75,0.27450980392156865,0.423728813559322,1.0,3,0,0
1,0,0,1,0,0,1,1,1,1,0,0,20.67,1.25,0.45255474452554745,0.6304347826086957,1.375,3,210,0
0,0,1,0,1,0,0,1,1,0,0,0,25.42,1.125,0.6538461538461539,0.4221105527638191,1.29,2,0,0
1,0,1,0,1,0,0,1,1,1,0,0,37.75,7.0,0.6538461538461539,0.6304347826086957,10.0,7,5,0
1,0,1,0,1,0,0,1,1,0,0,0,52.5,6.5,0.27450980392156865,0.4221105527638191,6.29,12,1584,1
1,0,1,0,1,0,0,1,1,1,0,0,57.83,7.04,0.42105263157894735,0.4221105527638191,10.0,6,1332,1
0,0,1,0,1,0,0,1,1,1,0,0,20.75,10.335,0.7073170731707317,0.6304347826086957,0.335,1,50,1
1,0,1,0,1,0,0,1,1,0,0,0,39.92,6.21,0.6538461538461539,0.4221105527638191,0.04,1,300,1
1,0,1,0,1,0,0,1,1,1,0,0,25.67,12.5,0.7073170731707317,0.4221105527638191,1.21,12,258,1
0,0,1,0,1,0,0,1,1,1,0,0,24.75,12.5,0.35185185185185186,0.4221105527638191,1.5,12,567,1
0,0,1,0,1,0,0,1,1,1,0,0,44.17,6.665,0.6538461538461539,0.4221105527638191,7.375,3,0,1
0,0,1,0,1,0,0,1,1,1,0,0,23.5,9.0,0.6538461538461539,0.4221105527638191,8.5,5,0,1
1,0,1,0,1,0,0,1,1,1,0,0,34.92,5.0,0.8421052631578947,0.6304347826086957,7.5,6,1000,1
1,0,1,0,1,0,0,1,1,1,0,0,47.67,2.5,0.42105263157894735,0.423728813559322,2.5,12,1584,1
1,0,1,0,1,0,0,1,1,1,0,0,22.75,11.0,0.6538461538461539,0.4221105527638191,2.5,7,809,1
1,0,1,0,1,0,0,1,1,0,0,0,34.42,4.25,0.23728813559322035,0.423728813559322,3.25,2,610,1
0,0,1,0,1,0,0,1,0,0,0,1,28.42,3.5,0.5079365079365079,0.4221105527638191,0.835,0,0,1
1,0,1,0,1,0,0,1,1,1,0,0,67.0,5.5,0.56,0.75,10.0,1,0,1
1,0,1,0,1,0,0,1,1,0,0,0,20.42,1.835,0.45255474452554745,0.4221105527638191,2.25,1,150,1
0,0,1,0,1,0,0,1,1,0,0,0,47.42,8.0,0.56,0.423728813559322,6.5,6,1584,1
1,0,1,0,1,0,0,1,1,0,0,0,36.25,5.0,0.45255474452554745,0.423728813559322,2.5,6,367,1
1,0,1,0,1,0,0,1,1,1,0,0,32.67,5.5,0.6538461538461539,0.6304347826086957,5.5,12,1000,1
1,0,1,0,1,0,0,1,0,1,0,0,48.58,6.5,0.6538461538461539,0.6304347826086957,6.0,0,0,1
1,0,0,1,0,0,1,1,1,0,0,0,39.92,0.54,0.35185185185185186,0.4221105527638191,0.5,3,1000,1
1,0,1,0,1,0,0,1,1,0,0,0,33.58,2.75,0.42105263157894735,0.4221105527638191,4.25,6,0,1
0,0,1,0,1,0,0,1,1,1,0,0,18.83,9.5,0.5079365079365079,0.4221105527638191,1.625,6,600,1
0,0,1,0,1,0,0,1,1,0,0,0,26.92,13.5,0.6538461538461539,0.6304347826086957,5.0,2,1584,1
0,0,1,0,1,0,0,1,1,1,0,0,31.25,3.75,0.7073170731707317,0.6304347826086957,0.625,9,0,1
0,0,1,0,1,0,0,1,1,0,0,0,56.5,16.0,0.3,0.14035087719298245,0.0,12,247,1
1,0,0,1,0,0,1,1,1,0,0,0,43.0,0.29,0.7073170731707317,0.6304347826086957,1.75,8,375,1
1,0,1,0,1,0,0,1,1,0,0,0,22.33,11.0,0.5079365079365079,0.4221105527638191,2.0,1,278,1
1,0,1,0,1,0,0,1,1,0,0,0,27.25,1.665,0.7073170731707317,0.6304347826086957,5.085,9,827,1
1,0,1,0,1,0,0,1,1,0,0,0,32.83,2.5,0.7073170731707317,0.6304347826086957,2.75,6,1584,1
1,0,1,0,1,0,0,1,1,1,0,0,23.25,1.5,0.6538461538461539,0.4221105527638191,2.375,3,582,1
0,0,0,1,0,0,1,1,1,0,0,0,40.33,7.54,0.6538461538461539,0.6304347826086957,8.0,12,1584,1
0,0,1,0,1,0,0,1,1,1,0,0,30.5,6.5,0.45255474452554745,0.423728813559322,4.0,7,1584,1
0,0,1,0,1,0,0,1,1,0,0,0,52.83,15.0,0.45255474452554745,0.4221105527638191,5.5,12,1584,1
0,0,1,0,1,0,0,1,1,1,0,0,46.67,0.46,0.7073170731707317,0.6304347826086957,0.415,11,6,1
0,0,1,0,1,0,0,1,1,0,0,0,58.33,10.0,0.6538461538461539,0.4221105527638191,4.0,12,1584,1
1,0,1,0,1,0,0,1,1,1,0,0,37.33,6.5,0.42105263157894735,0.6304347826086957,4.25,12,0,1
1,0,1,0,1,0,0,1,1,1,0,0,23.08,2.5,0.45255474452554745,0.4221105527638191,1.085,11,1584,1
1,0,1,0,1,0,0,1,1,1,0,0,32.75,1.5,0.7073170731707317,0.6304347826086957,5.5,3,0,1
0,0,0,1,0,0,1,1,1,1,0,0,21.67,11.5,0.3,0.375,0.0,11,0,1
0,0,0,1,0,0,1,1,1,0,0,0,28.5,3.04,0.8421052631578947,0.6304347826086957,2.54,1,0,1
0,0,1,0,1,0,0,1,1,0,0,0,67.0,15.0,0.56,0.75,0.0,12,1584,1
1,0,1,0,1,0,0,1,1,1,0,0,28.0,2.0,0.27450980392156865,0.6304347826086957,4.165,2,0,1
1,0,0,1,0,0,1,1,1,1,0,0,34.08,0.08,0.42105263157894735,0.423728813559322,0.04,1,1584,1
1,0,1,0,1,0,0,1,1,0,0,0,27.67,2.0,0.8421052631578947,0.6304347826086957,1.0,4,1584,1
1,0,1,0,1,0,0,1,1,1,0,0,44.0,2.0,0.42105263157894735,0.4221105527638191,1.75,2,15,1
1,0,1,0,1,0,0,1,1,1,0,0,25.08,1.71,0.8421052631578947,0.4221105527638191,1.665,1,20,1
1,0,0,1,0,0,1,1,0,1,0,0,32.0,1.75,0.56,0.6304347826086957,0.04,0,0,1
0,0,1,0,1,0,0,1,0,1,0,0,60.58,16.5,0.6538461538461539,0.4221105527638191,10.0,0,1584,1
0,0,1,0,1,0,0,1,0,0,0,0,40.83,10.0,0.6538461538461539,0.6304347826086957,1.75,0,837,1
1,0,1,0,1,0,0,1,0,1,0,0,19.33,9.5,0.6538461538461539,0.4221105527638191,1.0,0,400,1
0,0,1,0,1,0,0,1,0,0,0,0,32.33,0.54,0.7073170731707317,0.4221105527638191,0.04,0,1584,1
1,0,1,0,1,0,0,1,0,1,0,0,36.67,3.25,0.6538461538461539,0.6304347826086957,9.0,0,639,1
1,0,0,1,0,0,1,0,0,1,0,0,37.5,1.125,0.23333333333333334,0.4221105527638191,1.5,0,0,1
0,0,0,1,0,0,1,1,0,1,0,0,25.08,2.54,0.35185185185185186,0.4221105527638191,0.25,0,0,1
1,0,1,0,1,0,0,1,0,0,0,0,41.33,0.0,0.45255474452554745,0.423728813559322,10.0,0,0,1
1,0,1,0,1,0,0,1,0,1,0,0,56.0,12.5,0.27450980392156865,0.6304347826086957,8.0,0,1584,1
0,0,1,0,1,0,0,1,0,1,0,0,49.83,13.585,0.27450980392156865,0.6304347826086957,8.5,0,0,1
1,0,1,0,1,0,0,1,0,0,0,0,22.67,10.5,0.6538461538461539,0.6304347826086957,1.335,0,0,1
1,0,0,1,0,0,1,1,0,1,0,0,27.0,1.5,0.5079365079365079,0.4221105527638191,0.375,0,1065,1
1,0,1,0,1,0,0,1,0,1,0,1,25.0,12.5,0.35185185185185186,0.4221105527638191,3.0,0,0,1
0,0,1,0,1,0,0,1,0,0,0,0,26.08,8.665,0.35185185185185186,0.4221105527638191,1.415,0,150,1
0,0,1,0,1,0,0,1,1,0,0,0,18.42,9.25,0.6538461538461539,0.4221105527638191,1.21,4,540,1
1,0,1,0,1,0,0,1,1,0,0,0,20.17,8.17,0.35185185185185186,0.4221105527638191,1.96,12,158,1
1,0,1,0,1,0,0,1,1,0,0,0,47.67,0.29,0.45255474452554745,0.423728813559322,10.0,12,1584,1
0,0,1,0,1,0,0,1,1,0,0,1,21.25,2.335,0.23728813559322035,0.423728813559322,0.5,4,0,1
0,0,1,0,1,0,0,1,1,0,0,0,20.67,3.0,0.6538461538461539,0.4221105527638191,0.165,3,6,1
0,0,1,0,1,0,0,1,1,0,0,0,57.08,19.5,0.45255474452554745,0.4221105527638191,5.5,7,1584,1
0,0,1,0,1,0,0,1,1,0,0,0,22.42,5.665,0.6538461538461539,0.4221105527638191,2.585,7,1584,1
1,0,1,0,1,0,0,1,1,0,0,0,48.75,8.5,0.45255474452554745,0.6304347826086957,10.0,9,1584,1
1,0,1,0,1,0,0,1,1,0,0,0,40.0,6.5,0.35185185185185186,0.423728813559322,3.5,1,500,1
1,0,1,0,1,0,0,1,1,0,0,0,40.58,5.0,0.45255474452554745,0.4221105527638191,5.0,7,1584,1
0,0,1,0,1,0,0,1,1,1,0,0,28.67,1.04,0.45255474452554745,0.4221105527638191,2.5,5,1430,1
0,0,1,0,1,0,0,1,1,0,0,0,33.08,4.625,0.6538461538461539,0.6304347826086957,1.625,2,0,1
1,0,1,0,1,0,0,1,0,1,0,0,21.33,10.5,0.45255474452554745,0.4221105527638191,3.0,0,0,1
1,0,1,0,1,0,0,1,0,0,0,0,42.0,0.205,0.23728813559322035,0.6304347826086957,5.125,0,0,1
1,0,1,0,1,0,0,1,0,0,0,0,41.75,0.96,0.8421052631578947,0.4221105527638191,2.5,0,600,1
1,0,0,1,0,0,1,1,1,0,0,0,22.67,1.585,0.5079365079365079,0.4221105527638191,3.085,6,0,1
1,0,0,1,0,0,1,1,1,1,0,0,34.5,4.04,0.23728813559322035,0.423728813559322,8.5,7,0,1
1,0,0,1,0,0,1,1,1,1,0,0,28.25,5.04,0.45255474452554745,0.423728813559322,1.5,8,7,1
1,0,0,1,0,0,1,1,1,1,0,0,33.17,3.165,0.8421052631578947,0.4221105527638191,3.165,3,0,1
1,0,1,0,1,0,0,1,1,0,0,0,48.17,7.625,0.5079365079365079,0.6304347826086957,10.0,12,790,1
1,0,0,1,0,0,1,1,1,1,0,0,27.58,2.04,0.35185185185185186,0.4221105527638191,2.0,3,560,1
1,0,1,0,1,0,0,1,1,0,0,0,22.58,10.04,0.8421052631578947,0.4221105527638191,0.04,9,396,1
0,0,1,0,1,0,0,1,1,0,0,0,24.08,0.5,0.6538461538461539,0.6304347826086957,1.25,1,678,1
0,0,1,0,1,0,0,1,0,1,0,0,41.33,1.0,0.23728813559322035,0.423728813559322,2.25,0,300,1
1,0,1,0,1,0,0,1,1,0,0,0,24.83,2.75,0.45255474452554745,0.4221105527638191,2.25,6,600,1
0,0,1,0,1,0,0,1,1,1,0,0,20.75,10.25,0.6538461538461539,0.4221105527638191,0.71,2,0,1
1,0,0,1,0,0,1,1,1,0,0,0,36.33,2.125,0.5079365079365079,0.4221105527638191,0.085,1,1187,1
0,0,1,0,1,0,0,1,1,0,0,0,35.42,12.0,0.6538461538461539,0.6304347826086957,10.0,8,1584,1
0,0,0,0,0,0,0,0,0,0,1,0,67.0,0.0,0.4444444444444444,0.4444444444444444,0.0,0,0,1
1,0,1,0,1,0,0,1,1,0,0,0,28.67,9.335,0.6538461538461539,0.6304347826086957,5.665,6,168,1
1,0,1,0,1,0,0,1,1,0,0,0,35.17,2.5,0.27450980392156865,0.4221105527638191,4.5,7,1270,1
1,0,1,0,1,0,0,1,1,0,0,0,39.5,4.25,0.45255474452554745,0.423728813559322,6.5,12,1210,1
1,0,1,0,1,0,0,1,1,1,0,0,39.33,5.875,0.7073170731707317,0.6304347826086957,10.0,12,0,1
1,0,0,1,0,0,1,1,0,1,0,1,24.33,6.625,0.23333333333333334,0.4221105527638191,5.5,0,0,1
1,0,1,0,1,0,0,1,1,1,0,0,60.08,14.5,0.1320754716981132,0.14035087719298245,10.0,12,1000,1
1,0,1,0,1,0,0,1,1,0,0,0,23.08,11.5,0.23728813559322035,0.4221105527638191,3.5,9,742,1
1,0,0,1,0,0,1,1,1,0,0,0,26.67,2.71,0.7073170731707317,0.4221105527638191,5.25,1,0,1
1,0,1,0,1,0,0,1,0,0,0,1,48.17,3.5,0.35185185185185186,0.4221105527638191,3.5,0,0,1
1,0,1,0,1,0,0,1,1,0,0,0,41.17,4.04,0.7073170731707317,0.6304347826086957,7.0,8,0,1
1,0,1,0,1,0,0,1,1,0,0,0,55.92,11.5,0.1320754716981132,0.14035087719298245,5.0,5,1584,1
1,0,1,0,1,0,0,1,1,0,0,0,53.92,9.625,0.56,0.4221105527638191,8.665,5,0,1
0,0,0,1,0,0,1,1,1,1,0,0,18.92,9.25,0.45255474452554745,0.4221105527638191,1.0,4,500,1
0,0,1,0,1,0,0,1,1,1,0,0,50.08,12.54,0.35185185185185186,0.4221105527638191,2.29,3,0,1
1,0,1,0,1,0,0,1,1,1,0,0,65.42,11.0,0.56,0.75,10.0,7,0,1
0,0,1,0,1,0,0,1,0,1,0,0,17.58,9.0,0.35185185185185186,0.4221105527638191,1.375,0,0,1
0,0,1,0,1,0,0,1,0,0,0,0,18.83,9.54,0.35185185185185186,0.4221105527638191,0.085,0,0,1
0,0,1,0,1,0,0,1,0,1,0,0,37.75,5.5,0.6538461538461539,0.4221105527638191,0.125,0,0,1
1,0,1,0,1,0,0,1,0,1,0,0,23.25,4.0,0.45255474452554745,0.423728813559322,0.25,0,0,1
1,0,1,0,1,0,0,1,0,0,0,0,18.08,5.5,0.27450980392156865,0.4221105527638191,0.5,0,0,1
0,0,0,1,0,0,1,0,0,0,0,0,22.5,8.46,0.8421052631578947,0.4221105527638191,2.46,0,0,1
1,0,1,0,1,0,0,1,1,1,0,0,19.67,0.375,0.6538461538461539,0.4221105527638191,2.0,2,0,1
1,0,1,0,1,0,0,1,0,0,0,0,22.08,11.0,0.7073170731707317,0.4221105527638191,0.665,0,0,1
1,0,1,0,1,0,0,1,1,0,0,0,25.17,3.5,0.7073170731707317,0.4221105527638191,0.625,7,1584,1
0,0,1,0,1,0,0,1,1,1,0,0,47.42,3.0,0.8421052631578947,0.4221105527638191,10.0,2,1584,1
1,0,1,0,1,0,0,1,1,1,0,0,33.5,1.75,0.8421052631578947,0.6304347826086957,4.5,4,857,1
1,0,1,0,1,0,0,1,0,1,0,0,27.67,13.75,0.5079365079365079,0.4221105527638191,5.75,0,500,1
0,0,1,0,1,0,0,1,1,0,0,0,58.42,21.0,0.23728813559322035,0.423728813559322,10.0,12,1584,1
0,0,1,0,1,0,0,1,1,0,0,0,20.67,1.835,0.6538461538461539,0.4221105527638191,2.085,5,1584,1
1,0,1,0,1,0,0,1,0,1,0,0,26.17,0.25,0.23728813559322035,0.423728813559322,0.0,0,0,1
1,0,1,0,1,0,0,1,1,0,0,0,21.33,7.5,0.35185185185185186,0.4221105527638191,1.415,1,1584,1
1,0,1,0,1,0,0,1,0,0,0,1,42.83,4.625,0.6538461538461539,0.4221105527638191,4.58,0,0,1
1,0,1,0,1,0,0,1,1,0,0,0,38.17,10.125,0.8421052631578947,0.4221105527638191,2.5,6,196,1
1,0,0,1,0,0,1,1,0,0,0,1,20.5,10.0,0.45255474452554745,0.4221105527638191,2.5,0,0,1
1,0,1,0,1,0,0,1,1,0,0,0,48.25,25.085,0.5079365079365079,0.4221105527638191,1.75,3,14,1
1,0,1,0,1,0,0,1,0,1,0,0,28.33,5.0,0.5079365079365079,0.4221105527638191,10.0,0,0,1
0,0,1,0,1,0,0,1,1,0,0,0,18.75,7.5,0.6538461538461539,0.4221105527638191,2.71,5,1584,1
1,0,1,0,1,0,0,1,1,0,0,0,18.5,2.0,0.23728813559322035,0.4221105527638191,1.5,2,300,1
1,0,0,1,0,0,1,1,1,1,0,0,33.17,3.04,0.45255474452554745,0.6304347826086957,2.04,1,1584,1
1,0,1,0,1,0,0,1,1,1,0,0,45.0,8.5,0.7073170731707317,0.6304347826086957,10.0,1,1584,1
0,0,1,0,1,0,0,1,1,0,0,0,19.67,0.21,0.6538461538461539,0.6304347826086957,0.29,11,99,1
1,0,1,0,1,0,0,1,1,0,0,0,24.5,12.75,0.45255474452554745,0.423728813559322,4.75,2,444,1
1,0,1,0,1,0,0,1,1,0,0,0,21.83,11.0,0.8421052631578947,0.4221105527638191,0.29,6,0,1
1,0,1,0,1,0,0,1,1,0,0,0,40.25,21.5,0.56,0.75,10.0,11,1200,1
1,0,1,0,1,0,0,1,1,1,0,0,41.42,5.0,0.6538461538461539,0.6304347826086957,5.0,6,0,1
0,0,1,0,1,0,0,1,1,0,0,0,17.83,11.0,0.8421052631578947,0.6304347826086957,1.0,11,1584,1
1,0,1,0,1,0,0,1,1,0,0,0,23.17,11.125,0.8421052631578947,0.6304347826086957,0.46,1,0,1
1,0,1,0,1,0,0,0,0,0,0,0,31.56926144756281,0.625,0.27450980392156865,0.4221105527638191,0.25,0,1584,0
1,0,1,0,1,0,0,0,0,0,0,0,18.17,10.25,0.45255474452554745,0.6304347826086957,1.085,0,13,0
1,0,1,0,1,0,0,0,0,1,0,0,20.0,11.045,0.45255474452554745,0.4221105527638191,2.0,0,0,0
1,0,1,0,1,0,0,0,0,0,0,0,20.0,0.0,0.23333333333333334,0.4221105527638191,0.5,0,0,0
0,0,1,0,1,0,0,0,0,0,0,0,20.75,9.54,0.23728813559322035,0.4221105527638191,0.04,0,1000,0
0,0,0,1,0,0,1,0,0,0,0,0,24.5,1.75,0.45255474452554745,0.4221105527638191,0.165,0,0,0
1,0,1,0,1,0,0,0,0,1,0,0,32.75,2.335,0.23333333333333334,0.6304347826086957,5.75,0,0,0
0,0,0,1,0,0,1,0,0,0,0,0,52.17,0.0,0.1320754716981132,0.14035087719298245,0.0,0,0,0
0,0,1,0,1,0,0,0,0,0,0,0,48.17,1.335,0.23728813559322035,0.5,0.335,0,120,0
0,0,0,1,0,0,1,0,0,1,0,0,20.42,10.5,0.8421052631578947,0.6304347826086957,0.0,0,32,0
1,0,1,0,1,0,0,0,0,0,0,0,50.75,0.585,0.1320754716981132,0.14035087719298245,0.0,0,0,0
1,0,0,1,0,0,1,0,0,0,0,0,17.08,0.085,0.45255474452554745,0.4221105527638191,0.04,0,722,0
1,0,0,1,0,0,1,0,0,0,0,0,18.33,1.21,0.56,0.3333333333333333,0.0,0,0,0
0,0,1,0,1,0,0,0,0,0,0,0,32.0,6.0,0.23333333333333334,0.4221105527638191,1.25,0,0,0
1,0,1,0,1,0,0,1,0,1,0,0,59.67,1.54,0.6538461538461539,0.4221105527638191,0.125,0,0,1
1,0,1,0,1,0,0,0,0,0,0,0,18.0,0.165,0.6538461538461539,0.5,0.21,0,40,1
1,0,0,0,0,0,0,0,0,0,1,0,37.58,0.0,0.4444444444444444,0.4444444444444444,0.0,0,0,1
1,0,1,0,1,0,0,0,0,1,0,0,32.33,2.5,0.45255474452554745,0.4221105527638191,1.25,0,0,0
1,0,0,1,0,0,1,0,0,0,0,0,18.08,6.75,0.42105263157894735,0.4221105527638191,0.04,0,0,0
1,0,0,1,0,0,1,0,0,0,0,0,38.25,10.125,0.27450980392156865,0.4221105527638191,0.125,0,0,0
1,0,1,0,1,0,0,0,0,1,0,1,30.67,2.5,0.7073170731707317,0.6304347826086957,2.25,0,0,0
1,0,1,0,1,0,0,0,0,0,0,0,18.58,5.71,0.23333333333333334,0.4221105527638191,0.54,0,0,0
0,0,1,0,1,0,0,0,0,0,0,0,19.17,5.415,0.23728813559322035,0.6304347826086957,0.29,0,484,0
0,0,0,1,0,0,1,0,0,0,0,0,18.17,10.0,0.6538461538461539,0.6304347826086957,0.165,0,0,0
1,0,0,1,0,0,1,0,0,0,0,0,24.58,13.5,0.1320754716981132,0.14035087719298245,0.0,0,0,0
1,0,1,0,1,0,0,1,0,0,0,1,16.25,0.835,0.42105263157894735,0.4221105527638191,0.085,0,0,0
1,0,0,1,0,0,1,0,0,0,0,0,21.17,0.875,0.45255474452554745,0.6304347826086957,0.25,0,204,0
1,0,0,1,0,0,1,0,0,0,0,0,23.92,0.585,0.7073170731707317,0.6304347826086957,0.125,0,1,0
1,0,1,0,1,0,0,0,0,0,0,1,17.67,4.46,0.45255474452554745,0.4221105527638191,0.25,0,0,0
0,0,1,0,1,0,0,0,1,0,0,0,16.5,1.25,0.6538461538461539,0.4221105527638191,0.25,1,98,0
1,0,1,0,1,0,0,0,1,0,0,0,23.25,12.625,0.45255474452554745,0.4221105527638191,0.125,2,1584,0
1,0,1,0,1,0,0,0,1,0,0,0,17.58,10.0,0.5079365079365079,0.6304347826086957,0.165,1,1,0
0,0,1,0,1,0,0,0,1,1,0,0,31.56926144756281,1.5,0.1320754716981132,0.14035087719298245,0.0,2,105,0
1,0,1,0,1,0,0,0,1,0,0,0,29.5,0.58,0.5079365079365079,0.4221105527638191,0.29,1,1584,0
1,0,0,1,0,0,1,0,1,0,0,0,18.83,0.415,0.45255474452554745,0.4221105527638191,0.165,1,1,0
0,0,0,1,0,0,1,0,0,0,0,0,21.75,1.75,0.3,0.375,0.0,0,0,0
1,0,1,0,1,0,0,0,0,1,0,1,23.0,0.75,0.42105263157894735,0.4221105527638191,0.5,0,0,0
0,0,1,0,1,0,0,0,1,0,0,0,18.25,10.0,0.5079365079365079,0.4221105527638191,1.0,1,1,0
1,0,1,0,1,0,0,0,1,0,0,0,25.42,0.54,0.5079365079365079,0.4221105527638191,0.165,1,444,0
1,0,1,0,1,0,0,0,1,0,0,0,35.75,2.415,0.5079365079365079,0.4221105527638191,0.125,2,1,0
0,0,1,0,1,0,0,0,1,0,0,0,16.08,0.335,0.1320754716981132,0.14035087719298245,0.0,1,126,0
0,0,1,0,1,0,0,0,1,1,0,0,31.92,3.125,0.1320754716981132,0.14035087719298245,3.04,2,4,0
1,0,1,0,1,0,0,0,1,0,0,0,67.0,9.0,0.1320754716981132,0.14035087719298245,4.0,1,6,0
1,0,1,0,1,0,0,0,1,1,0,0,32.92,2.5,0.35185185185185186,0.4221105527638191,1.75,2,0,0
1,0,1,0,1,0,0,0,1,0,0,0,16.33,2.75,0.35185185185185186,0.4221105527638191,0.665,1,21,0
1,0,1,0,1,0,0,0,1,1,0,0,22.17,12.125,0.45255474452554745,0.4221105527638191,3.335,2,173,0
0,0,1,0,1,0,0,0,1,0,0,0,57.58,2.0,0.1320754716981132,0.14035087719298245,6.5,1,10,0
1,0,1,0,1,0,0,0,0,1,0,1,18.25,0.165,0.23333333333333334,0.4221105527638191,0.25,0,0,0
1,0,1,0,1,0,0,0,0,1,0,1,23.42,1.0,0.45255474452554745,0.4221105527638191,0.5,0,0,0
0,0,1,0,1,0,0,0,0,0,0,0,15.92,2.875,0.6538461538461539,0.4221105527638191,0.085,0,0,0
0,0,1,0,1,0,0,0,0,0,0,0,24.75,13.665,0.6538461538461539,0.6304347826086957,1.5,0,1,0
1,0,0,1,0,0,1,1,0,1,0,0,48.75,26.0,0.1320754716981132,0.14035087719298245,0.0,0,0,0
1,0,1,0,1,0,0,0,0,0,0,0,23.5,2.75,0.1320754716981132,0.14035087719298245,4.5,0,25,0
1,0,1,0,1,0,0,0,0,0,0,0,18.58,10.29,0.1320754716981132,0.14035087719298245,0.415,0,0,0
1,0,1,0,1,0,0,0,0,1,0,1,27.75,1.29,0.27450980392156865,0.6304347826086957,0.25,0,0,0
0,0,0,1,0,0,1,0,0,0,0,0,31.75,3.0,0.3,0.375,0.0,0,20,0
0,0,1,0,1,0,0,0,0,1,0,0,24.83,4.5,0.5079365079365079,0.4221105527638191,1.0,0,6,0
1,0,0,1,0,0,1,0,0,1,0,0,19.0,1.75,0.45255474452554745,0.4221105527638191,2.335,0,6,0
0,0,1,0,1,0,0,0,0,0,0,0,16.33,0.21,0.35185185185185186,0.4221105527638191,0.125,0,1,0
0,0,1,0,1,0,0,0,0,0,0,0,18.58,10.0,0.23333333333333334,0.4221105527638191,0.415,0,42,0
1,0,0,1,0,0,1,0,0,0,0,0,16.25,0.0,0.35185185185185186,0.4221105527638191,0.25,0,0,0
1,0,1,0,1,0,0,1,0,1,0,1,23.0,0.75,0.42105263157894735,0.4221105527638191,0.5,0,0,0
1,0,0,1,0,0,1,0,0,0,0,0,21.17,0.25,0.45255474452554745,0.6304347826086957,0.25,0,204,0
1,1,0,0,0,1,0,0,0,1,1,0,17.5,22.0,0.1320754716981132,0.5,0.0,0,1584,1
1,0,0,1,0,0,1,0,0,1,0,1,19.17,0.0,0.42105263157894735,0.423728813559322,0.0,0,1,1
1,0,0,1,0,0,1,0,0,1,0,0,36.75,0.125,0.45255474452554745,0.4221105527638191,1.5,0,113,1
1,0,1,0,1,0,0,0,0,0,0,0,21.25,1.5,0.5079365079365079,0.4221105527638191,1.5,0,8,1
0,1,0,0,0,1,0,0,0,1,0,1,18.08,0.375,0.7073170731707317,0.14035087719298245,10.0,0,0,1
0,0,1,0,1,0,0,0,0,0,0,0,33.67,0.375,0.7073170731707317,0.4221105527638191,0.375,0,44,1
1,0,0,1,0,0,1,1,1,0,0,0,48.58,0.205,0.27450980392156865,0.4221105527638191,0.25,11,1584,1
1,0,1,0,1,0,0,0,0,0,0,0,33.67,1.25,0.5079365079365079,0.4221105527638191,1.165,0,0,0
0,0,0,1,0,0,1,0,0,0,0,0,29.5,1.085,0.8421052631578947,0.4221105527638191,1.0,0,13,0
1,0,0,1,0,0,1,0,0,0,0,0,30.17,1.085,0.45255474452554745,0.4221105527638191,0.04,0,179,0
1,0,1,0,1,0,0,0,0,0,0,1,40.83,3.5,0.23728813559322035,0.423728813559322,0.5,0,0,0
1,0,0,1,0,0,1,0,0,0,0,1,34.83,2.5,0.5079365079365079,0.4221105527638191,3.0,0,0,0
1,0,0,1,0,0,1,0,0,1,0,0,31.56926144756281,4.0,0.23728813559322035,0.4221105527638191,0.085,0,0,0
1,0,0,0,0,0,0,0,0,0,1,0,20.42,0.0,0.4444444444444444,0.4444444444444444,0.0,0,0,0
0,0,0,1,0,0,1,0,0,1,0,0,33.25,2.5,0.45255474452554745,0.4221105527638191,2.5,0,2,0
1,0,1,0,1,0,0,0,0,0,0,0,34.08,2.5,0.45255474452554745,0.4221105527638191,1.0,0,16,0
0,0,1,0,1,0,0,0,0,1,0,0,25.25,12.5,0.23333333333333334,0.4221105527638191,1.0,0,1062,0
1,0,1,0,1,0,0,0,0,0,0,0,34.75,2.5,0.7073170731707317,0.423728813559322,0.5,0,0,0
1,0,1,0,1,0,0,0,0,1,0,0,27.67,0.75,0.6538461538461539,0.6304347826086957,0.165,0,251,0
1,0,1,0,1,0,0,0,0,1,0,0,47.33,6.5,0.45255474452554745,0.4221105527638191,1.0,0,228,0
0,0,0,1,0,0,1,0,0,1,0,0,34.83,1.25,0.23728813559322035,0.6304347826086957,0.5,0,0,0
0,0,0,1,0,0,1,0,0,0,0,0,33.25,3.0,0.35185185185185186,0.4221105527638191,2.0,0,0,0
1,0,1,0,1,0,0,0,0,1,0,0,28.0,3.0,0.5079365079365079,0.4221105527638191,0.75,0,67,0
0,0,1,0,1,0,0,0,0,0,0,0,39.08,4.0,0.45255474452554745,0.4221105527638191,3.0,0,0,0
1,0,1,0,1,0,0,0,0,0,0,0,42.75,4.085,0.35185185185185186,0.4221105527638191,0.04,0,100,0
1,0,1,0,1,0,0,0,0,1,0,0,26.92,2.25,0.23728813559322035,0.423728813559322,0.5,0,1584,0
1,0,1,0,1,0,0,0,0,0,0,0,33.75,2.75,0.23728813559322035,0.423728813559322,0.0,0,0,0
1,0,1,0,1,0,0,0,0,1,0,0,38.92,1.75,0.27450980392156865,0.4221105527638191,0.5,0,2,0
1,0,1,0,1,0,0,0,0,0,0,0,62.75,7.0,0.56,0.75,0.0,0,12,0
1,0,1,0,1,0,0,0,0,1,0,0,32.25,1.5,0.45255474452554745,0.4221105527638191,0.25,0,122,0
1,0,0,1,0,0,1,0,0,0,0,0,26.75,4.5,0.45255474452554745,0.423728813559322,2.5,0,1210,0
1,0,1,0,1,0,0,1,1,1,0,0,63.33,0.54,0.45255474452554745,0.4221105527638191,0.585,3,0,0
1,0,1,0,1,0,0,0,1,1,0,0,27.83,1.5,0.5079365079365079,0.4221105527638191,2.25,1,3,0
0,0,1,0,1,0,0,0,0,1,0,0,26.17,2.0,0.3,0.375,0.0,0,1,0
1,0,0,1,0,0,1,0,0,0,0,0,22.17,0.585,0.1320754716981132,0.14035087719298245,0.0,0,0,0
1,0,0,1,0,0,1,0,0,1,0,0,22.5,11.5,0.42105263157894735,0.4221105527638191,1.5,0,1584,0
1,0,1,0,1,0,0,0,0,1,0,1,30.75,1.585,0.23333333333333334,0.4221105527638191,0.585,0,0,0
1,0,1,0,1,0,0,0,0,1,0,0,36.67,2.0,0.23728813559322035,0.4221105527638191,0.25,0,0,0
0,0,1,0,1,0,0,0,1,1,0,0,16.0,0.165,0.35185185185185186,0.4221105527638191,1.0,2,1,0
1,0,1,0,1,0,0,0,0,0,0,0,41.17,1.335,0.23333333333333334,0.4221105527638191,0.165,0,0,0
0,0,1,0,1,0,0,0,0,1,0,0,19.5,0.165,0.6538461538461539,0.4221105527638191,0.04,0,0,0
1,0,1,0,1,0,0,0,0,1,0,0,32.42,3.0,0.23333333333333334,0.4221105527638191,0.165,0,0,0
0,0,1,0,1,0,0,0,0,0,0,0,36.75,4.71,0.1320754716981132,0.14035087719298245,0.0,0,0,0
0,0,1,0,1,0,0,0,0,1,0,1,30.25,5.5,0.27450980392156865,0.4221105527638191,5.5,0,0,0
1,0,1,0,1,0,0,0,0,1,0,0,23.08,2.5,0.1320754716981132,0.14035087719298245,0.085,0,1584,0
1,0,1,0,1,0,0,0,0,0,0,0,26.83,0.54,0.27450980392156865,0.14035087719298245,0.0,0,0,0
1,0,0,1,0,0,1,0,0,0,0,1,16.92,0.335,0.27450980392156865,0.4221105527638191,0.29,0,0,0
1,0,1,0,1,0,0,0,1,0,0,0,24.42,2.0,0.56,0.3333333333333333,0.165,2,1300,0
1,0,1,0,1,0,0,0,1,1,0,0,42.83,1.25,0.42105263157894735,0.4221105527638191,10.0,1,112,0
0,0,1,0,1,0,0,0,0,0,0,0,22.75,6.165,0.35185185185185186,0.4221105527638191,0.165,0,1000,0
1,0,0,1,0,0,1,0,0,0,0,1,39.42,1.71,0.42105263157894735,0.4221105527638191,0.165,0,0,0
0,0,0,1,0,0,1,0,0,1,0,0,23.58,11.5,0.27450980392156865,0.6304347826086957,3.0,0,16,0
1,0,0,1,0,0,1,0,0,1,0,0,21.42,0.75,0.6666666666666666,0.5,0.75,0,2,0
1,0,0,1,0,0,1,0,0,1,0,0,33.0,2.5,0.5079365079365079,0.4221105527638191,7.0,0,0,0
1,0,1,0,1,0,0,0,0,1,0,0,26.33,13.0,0.56,0.3333333333333333,0.0,0,1110,0
0,0,1,0,1,0,0,0,0,1,0,1,45.0,4.585,0.27450980392156865,0.6304347826086957,1.0,0,0,0
1,0,1,0,1,0,0,0,0,0,0,0,26.25,1.54,0.5079365079365079,0.4221105527638191,0.125,0,0,0
1,0,1,0,1,0,0,0,0,0,0,0,28.17,0.585,0.35185185185185186,0.4221105527638191,0.04,0,1004,0
0,0,0,1,0,0,1,0,0,0,0,0,20.83,0.5,0.56,0.3333333333333333,1.0,0,0,0
1,0,1,0,1,0,0,0,0,0,0,0,28.67,14.5,0.23333333333333334,0.4221105527638191,0.125,0,286,0
1,0,0,1,0,0,1,0,0,1,0,1,20.67,0.835,0.45255474452554745,0.4221105527638191,2.0,0,0,0
1,0,1,0,1,0,0,0,0,1,0,0,34.42,1.335,0.23728813559322035,0.423728813559322,0.125,0,1584,0
1,0,1,0,1,0,0,0,0,1,0,1,33.58,0.25,0.23728813559322035,0.423728813559322,4.0,0,0,0
1,0,1,0,1,0,0,0,0,1,0,0,43.17,5.0,0.23728813559322035,0.423728813559322,2.25,0,0,0
0,0,1,0,1,0,0,0,0,0,0,0,22.67,7.0,0.45255474452554745,0.4221105527638191,0.165,0,0,0
0,0,0,1,0,0,1,0,0,0,0,0,24.33,2.5,0.23728813559322035,0.423728813559322,4.5,0,456,0
0,0,0,1,0,0,1,0,0,1,0,0,56.83,4.25,0.1320754716981132,0.14035087719298245,5.0,0,4,0
1,0,1,0,1,0,0,0,0,1,0,0,22.08,11.46,0.27450980392156865,0.4221105527638191,1.585,0,1212,0
1,0,0,1,0,0,1,0,0,1,0,0,34.0,5.5,0.45255474452554745,0.4221105527638191,1.5,0,0,0
1,0,0,1,0,0,1,0,0,1,0,0,22.58,1.5,0.35185185185185186,0.4221105527638191,0.54,0,67,0
1,0,1,0,1,0,0,0,0,1,0,1,21.17,0.0,0.45255474452554745,0.4221105527638191,0.5,0,0,0
1,0,1,0,1,0,0,0,0,1,0,0,26.67,14.585,0.23728813559322035,0.423728813559322,0.0,0,0,0
1,0,1,0,1,0,0,0,0,0,0,1,22.92,0.17,0.42105263157894735,0.4221105527638191,0.085,0,0,0
1,0,1,0,1,0,0,0,0,0,0,0,15.17,7.0,0.56,0.4221105527638191,1.0,0,0,0
1,0,1,0,1,0,0,0,0,0,0,0,39.92,5.0,0.23728813559322035,0.423728813559322,0.21,0,0,0
1,0,1,0,1,0,0,0,0,1,0,0,27.42,12.5,0.35185185185185186,0.423728813559322,0.25,0,0,0
1,0,1,0,1,0,0,0,0,1,0,0,24.75,0.54,0.42105263157894735,0.4221105527638191,1.0,0,1,0
1,0,0,1,0,0,1,0,0,0,0,0,41.17,1.25,0.5079365079365079,0.4221105527638191,0.25,0,195,0
0,0,1,0,1,0,0,0,0,1,0,0,33.08,1.625,0.23333333333333334,0.4221105527638191,0.54,0,0,0
1,0,0,1,0,0,1,0,0,0,0,0,29.83,2.04,0.8421052631578947,0.6304347826086957,0.04,0,1,0
0,0,0,1,0,0,1,0,0,0,0,0,23.58,0.585,0.1320754716981132,0.14035087719298245,0.125,0,87,0
1,0,0,1,0,0,1,0,0,1,0,0,26.17,12.5,0.27450980392156865,0.6304347826086957,1.25,0,17,0
1,0,1,0,1,0,0,0,0,0,0,0,31.0,2.085,0.45255474452554745,0.4221105527638191,0.085,0,0,0
1,0,0,1,0,0,1,0,0,0,0,0,20.75,5.085,0.3,0.4221105527638191,0.29,0,184,0
1,0,1,0,1,0,0,0,0,0,0,0,28.92,0.375,0.45255474452554745,0.4221105527638191,0.29,0,140,0
0,0,1,0,1,0,0,0,0,1,0,0,51.92,6.5,0.23728813559322035,0.423728813559322,3.085,0,0,0
0,0,1,0,1,0,0,0,0,0,0,1,22.67,0.335,0.6538461538461539,0.4221105527638191,0.75,0,0,0
1,0,0,1,0,0,1,0,0,1,0,0,34.0,5.085,0.23728813559322035,0.423728813559322,1.085,0,0,0
0,0,1,0,1,0,0,0,0,0,0,1,67.0,6.0,0.1320754716981132,0.14035087719298245,0.0,0,0,0
0,0,0,1,0,0,1,0,1,0,0,0,40.33,8.125,0.27450980392156865,0.4221105527638191,0.165,2,18,0
0,0,0,1,0,0,1,0,1,0,0,0,19.58,0.665,0.45255474452554745,0.4221105527638191,1.0,1,2,0
1,0,1,0,1,0,0,0,1,0,0,0,16.0,3.125,0.5079365079365079,0.4221105527638191,0.085,1,6,0
1,0,1,0,1,0,0,0,1,0,0,0,17.08,0.25,0.6538461538461539,0.4221105527638191,0.335,4,8,0
1,0,1,0,1,0,0,0,1,0,0,0,31.25,2.835,0.1320754716981132,0.14035087719298245,0.0,5,146,0
1,0,1,0,1,0,0,0,1,0,0,0,25.17,3.0,0.45255474452554745,0.4221105527638191,1.25,1,22,0
0,0,1,0,1,0,0,0,0,0,0,0,22.67,0.79,0.23728813559322035,0.4221105527638191,0.085,0,0,0
1,0,1,0,1,0,0,0,0,0,0,1,40.58,1.5,0.23728813559322035,0.423728813559322,0.0,0,0,0
1,0,1,0,1,0,0,0,0,1,0,0,22.25,0.46,0.27450980392156865,0.4221105527638191,0.125,0,55,0
0,0,0,1,0,0,1,0,0,0,0,0,22.25,1.25,0.1320754716981132,0.14035087719298245,3.25,0,0,0
1,0,0,1,0,0,1,0,0,0,0,0,22.5,0.125,0.27450980392156865,0.4221105527638191,0.125,0,70,0
1,0,1,0,1,0,0,0,0,1,0,0,23.58,1.79,0.45255474452554745,0.4221105527638191,0.54,0,1,0
1,0,1,0,1,0,0,0,1,0,0,0,38.42,0.705,0.45255474452554745,0.4221105527638191,0.375,2,500,0
0,0,0,1,0,0,1,0,0,1,0,0,26.58,2.54,0.1320754716981132,0.14035087719298245,0.0,0,60,0
1,0,1,0,1,0,0,0,0,1,0,0,35.0,2.5,0.23728813559322035,0.4221105527638191,1.0,0,0,0
1,0,1,0,1,0,0,0,0,0,0,0,20.42,1.085,0.6538461538461539,0.4221105527638191,1.5,0,7,0
1,0,1,0,1,0,0,0,0,0,0,0,29.42,1.25,0.5079365079365079,0.4221105527638191,1.75,0,0,0
1,0,1,0,1,0,0,0,0,0,0,0,26.17,0.835,0.7073170731707317,0.4221105527638191,1.165,0,0,0
1,0,1,0,1,0,0,0,0,0,1,0,33.67,2.165,0.45255474452554745,0.4221105527638191,1.5,0,0,0
1,0,1,0,1,0,0,0,0,0,0,0,24.58,1.25,0.45255474452554745,0.4221105527638191,0.25,0,0,0
0,0,1,0,1,0,0,0,0,1,0,0,27.67,2.04,0.5079365079365079,0.4221105527638191,0.25,0,50,0
1,0,1,0,1,0,0,0,0,0,0,0,37.5,0.835,0.56,0.4221105527638191,0.04,0,5,0
1,0,1,0,1,0,0,0,0,0,0,0,49.17,2.29,0.1320754716981132,0.14035087719298245,0.29,0,3,0
1,0,0,1,0,0,1,0,0,0,0,0,33.58,0.335,0.7073170731707317,0.4221105527638191,0.085,0,0,0
1,0,0,1,0,0,1,0,0,0,0,0,51.83,3.0,0.1320754716981132,0.14035087719298245,1.5,0,4,0
1,0,0,1,0,0,1,0,0,0,0,0,22.92,3.165,0.45255474452554745,0.4221105527638191,0.165,0,1058,0
1,0,1,0,1,0,0,0,0,1,0,0,21.83,1.54,0.27450980392156865,0.4221105527638191,0.085,0,0,0
1,0,1,0,1,0,0,0,0,0,0,0,25.25,1.0,0.35185185185185186,0.4221105527638191,0.5,0,0,0
1,0,1,0,1,0,0,0,0,1,0,0,58.58,2.71,0.45255474452554745,0.4221105527638191,2.415,0,0,0
1,0,0,1,0,0,1,0,1,0,0,0,19.0,0.0,0.1320754716981132,0.14035087719298245,0.0,4,1,0
1,0,1,0,1,0,0,0,1,0,0,0,19.58,0.585,0.1320754716981132,0.14035087719298245,0.0,3,769,0
0,0,1,0,1,0,0,0,0,1,0,1,53.33,0.165,0.1320754716981132,0.14035087719298245,0.0,0,27,0
0,0,1,0,1,0,0,0,1,0,0,0,27.17,1.25,0.1320754716981132,0.14035087719298245,0.0,1,300,0
1,0,1,0,1,0,0,0,1,1,0,0,25.92,0.875,0.27450980392156865,0.4221105527638191,0.375,2,3,0
1,0,1,0,1,0,0,0,1,0,0,1,23.08,0.0,0.27450980392156865,0.4221105527638191,1.0,11,0,0
1,0,1,0,1,0,0,0,1,0,0,0,39.58,5.0,0.1320754716981132,0.14035087719298245,0.0,2,1,0
1,0,0,1,0,0,1,0,0,1,0,1,30.58,2.71,0.42105263157894735,0.4221105527638191,0.125,0,0,0
1,0,1,0,1,0,0,0,0,1,0,0,17.25,3.0,0.27450980392156865,0.4221105527638191,0.04,0,40,0
0,0,0,1,0,0,1,0,0,0,0,0,17.67,0.0,0.3,0.14035087719298245,0.0,0,0,0
0,0,1,0,1,0,0,0,0,0,0,0,31.56926144756281,11.25,0.1320754716981132,0.14035087719298245,0.0,0,1584,0
1,0,1,0,1,0,0,0,0,0,0,0,16.5,0.125,0.45255474452554745,0.4221105527638191,0.165,0,0,0
0,0,1,0,1,0,0,0,0,0,0,0,27.33,1.665,0.1320754716981132,0.14035087719298245,0.0,0,1,0
1,0,1,0,1,0,0,0,1,0,0,0,31.25,1.125,0.1320754716981132,0.14035087719298245,0.0,1,19,0
1,0,1,0,1,0,0,0,0,0,0,0,20.0,7.0,0.45255474452554745,0.4221105527638191,0.5,0,0,0
1,0,0,1,0,0,1,0,0,0,0,0,31.56926144756281,3.0,0.23728813559322035,0.423728813559322,7.0,0,1,0
1,0,1,0,1,0,0,0,0,0,0,0,39.5,1.625,0.45255474452554745,0.4221105527638191,1.5,0,316,0
1,0,1,0,1,0,0,0,0,0,0,0,36.5,4.25,0.6538461538461539,0.4221105527638191,3.5,0,50,0
1,0,1,0,1,0,0,0,0,1,0,0,29.75,0.665,0.5079365079365079,0.4221105527638191,0.25,0,0,0
1,0,1,0,1,0,0,0,0,1,0,0,52.42,1.5,0.23333333333333334,0.4221105527638191,3.75,0,350,0
1,0,1,0,1,0,0,0,0,0,0,0,36.17,18.125,0.5079365079365079,0.4221105527638191,0.085,0,1584,0
1,0,0,0,0,0,0,0,0,0,1,0,34.58,0.0,0.4444444444444444,0.4444444444444444,0.0,0,0,0
1,0,0,1,0,0,1,0,0,0,0,0,29.67,0.75,0.45255474452554745,0.4221105527638191,0.04,0,0,0
1,0,1,0,1,0,0,0,0,0,0,0,36.17,5.5,0.23728813559322035,0.423728813559322,5.0,0,687,0
1,0,0,1,0,0,1,0,0,1,0,0,25.67,0.29,0.45255474452554745,0.4221105527638191,1.5,0,0,0
0,0,0,1,0,0,1,0,0,0,0,0,24.5,2.415,0.45255474452554745,0.4221105527638191,0.0,0,0,0
1,0,1,0,1,0,0,0,1,0,0,0,24.08,0.875,0.42105263157894735,0.4221105527638191,0.085,4,1584,0
1,0,1,0,1,0,0,0,0,0,0,0,21.92,0.5,0.45255474452554745,0.4221105527638191,0.125,0,0,0
0,0,1,0,1,0,0,0,1,0,0,0,36.58,0.29,0.1320754716981132,0.14035087719298245,0.0,10,18,0
0,0,1,0,1,0,0,0,1,0,0,0,23.0,1.835,0.3,0.375,0.0,1,53,0
0,0,1,0,1,0,0,0,1,1,0,0,27.58,3.0,0.42105263157894735,0.4221105527638191,2.79,1,10,0
1,0,1,0,1,0,0,0,1,1,0,0,31.08,3.085,0.45255474452554745,0.4221105527638191,2.5,2,41,0
0,0,1,0,1,0,0,0,1,0,0,0,30.42,1.375,0.5079365079365079,0.6304347826086957,0.04,3,33,0
1,0,1,0,1,0,0,0,0,0,0,0,22.08,2.335,0.27450980392156865,0.4221105527638191,0.75,0,0,0
1,0,1,0,1,0,0,0,0,1,0,0,16.33,4.085,0.23728813559322035,0.6304347826086957,0.415,0,0,0
0,0,1,0,1,0,0,0,0,0,0,0,21.92,11.665,0.27450980392156865,0.6304347826086957,0.085,0,5,0
1,0,0,1,0,0,1,0,0,0,0,0,21.08,4.125,0.23728813559322035,0.6304347826086957,0.04,0,100,0
1,0,1,0,1,0,0,0,0,0,0,0,17.42,6.5,0.23728813559322035,0.4221105527638191,0.125,0,100,0
1,0,0,1,0,0,1,0,0,1,0,0,19.17,4.0,0.23728813559322035,0.4221105527638191,1.0,0,1000,0
1,0,1,0,1,0,0,0,0,0,0,0,20.67,0.415,0.45255474452554745,0.4221105527638191,0.125,0,44,0
1,0,1,0,1,0,0,0,0,1,0,0,26.75,2.0,0.23333333333333334,0.4221105527638191,0.75,0,0,0
1,0,1,0,1,0,0,0,0,1,0,0,23.58,0.835,0.23728813559322035,0.6304347826086957,0.085,0,5,0
1,0,0,1,0,0,1,0,0,1,0,1,39.17,2.5,0.23728813559322035,0.6304347826086957,10.0,0,0,0
1,0,1,0,1,0,0,0,0,0,0,0,22.75,11.5,0.23728813559322035,0.4221105527638191,0.415,0,0,0
1,0,0,1,0,0,1,0,0,0,0,1,26.5,2.71,0.4444444444444444,0.4444444444444444,0.085,0,0,0
0,0,1,0,1,0,0,0,1,1,0,0,16.92,0.5,0.23728813559322035,0.4221105527638191,0.165,6,35,0
1,0,0,1,0,0,1,0,1,1,0,0,23.5,3.165,0.27450980392156865,0.4221105527638191,0.415,1,80,0
0,0,1,0,1,0,0,0,1,1,0,0,17.33,9.5,0.35185185185185186,0.4221105527638191,1.75,10,10,0
1,0,0,1,0,0,1,0,1,0,0,0,23.75,0.415,0.45255474452554745,0.4221105527638191,0.04,2,6,0
1,0,1,0,1,0,0,0,0,0,0,1,34.67,1.08,0.42105263157894735,0.4221105527638191,1.165,0,0,0
1,0,0,1,0,0,1,0,1,0,0,0,67.0,19.0,0.1320754716981132,0.14035087719298245,0.04,2,351,0
1,0,0,1,0,0,1,0,0,0,0,0,28.17,0.125,0.27450980392156865,0.4221105527638191,0.085,0,1584,0
1,0,0,1,0,0,1,0,0,1,0,0,24.5,13.335,0.35185185185185186,0.4221105527638191,0.04,0,475,0
1,0,0,1,0,0,1,0,0,1,0,0,18.83,3.54,0.1320754716981132,0.14035087719298245,0.0,0,1,0
1,0,1,0,1,0,0,0,0,1,0,0,45.33,1.0,0.6538461538461539,0.4221105527638191,0.125,0,0,0
0,0,1,0,1,0,0,1,1,0,0,0,47.25,0.75,0.6538461538461539,0.6304347826086957,2.75,1,892,1
1,0,1,0,1,0,0,1,1,1,0,0,24.17,0.875,0.6538461538461539,0.4221105527638191,4.625,2,1584,1
1,0,1,0,1,0,0,1,1,0,0,0,39.25,9.5,0.42105263157894735,0.4221105527638191,6.5,12,1584,1
0,0,1,0,1,0,0,1,0,0,0,0,20.5,11.835,0.45255474452554745,0.6304347826086957,6.0,0,0,1
0,0,0,1,0,0,1,1,0,0,0,0,18.83,4.415,0.45255474452554745,0.6304347826086957,3.0,0,0,1
1,0,1,0,1,0,0,1,0,0,0,0,19.17,9.5,0.5079365079365079,0.4221105527638191,1.5,0,1584,1
0,0,1,0,1,0,0,1,0,1,0,0,25.0,0.875,0.8421052631578947,0.6304347826086957,1.04,0,1584,1
1,0,1,0,1,0,0,1,1,1,0,0,20.17,9.25,0.45255474452554745,0.4221105527638191,1.665,3,28,1
1,0,1,0,1,0,0,1,1,1,0,0,25.75,0.5,0.45255474452554745,0.4221105527638191,1.46,5,0,1
1,0,1,0,1,0,0,1,1,0,0,0,20.42,7.0,0.45255474452554745,0.4221105527638191,1.625,3,1391,1
1,0,1,0,1,0,0,1,1,1,0,0,31.56926144756281,4.0,0.8421052631578947,0.4221105527638191,5.0,3,1584,1
1,0,1,0,1,0,0,1,1,1,0,0,39.0,5.0,0.7073170731707317,0.4221105527638191,3.5,10,0,1
0,0,1,0,1,0,0,1,1,0,0,0,64.08,0.165,0.1320754716981132,0.14035087719298245,0.0,1,100,1
1,0,1,0,1,0,0,1,1,0,0,0,28.25,5.125,0.8421052631578947,0.4221105527638191,4.75,2,7,1
0,0,1,0,1,0,0,1,1,1,0,0,28.75,3.75,0.45255474452554745,0.4221105527638191,1.085,1,0,1
1,0,1,0,1,0,0,1,1,0,0,0,31.33,19.5,0.45255474452554745,0.4221105527638191,7.0,12,1584,1
0,0,1,0,1,0,0,1,1,0,0,0,18.92,9.0,0.35185185185185186,0.4221105527638191,0.75,2,591,1
0,0,1,0,1,0,0,1,1,0,0,0,24.75,3.0,0.6538461538461539,0.6304347826086957,1.835,12,500,1
0,0,1,0,1,0,0,1,1,0,0,0,30.67,12.0,0.45255474452554745,0.4221105527638191,2.0,1,19,1
1,0,0,1,0,0,1,1,1,1,0,0,21.0,4.79,0.5079365079365079,0.4221105527638191,2.25,1,300,1
1,0,0,1,0,0,1,1,1,1,0,0,13.75,4.0,0.5079365079365079,0.4221105527638191,1.75,2,1000,1
0,0,1,0,1,0,0,1,0,0,0,0,46.0,4.0,0.3,0.375,0.0,0,960,1
0,0,1,0,1,0,0,1,0,0,0,0,44.33,0.0,0.45255474452554745,0.4221105527638191,2.5,0,0,1
1,0,1,0,1,0,0,1,0,0,0,0,20.25,9.96,0.56,0.3333333333333333,0.0,0,0,1
1,0,0,1,0,0,1,1,0,0,0,0,22.67,2.54,0.45255474452554745,0.6304347826086957,2.585,0,0,1
1,0,1,0,1,0,0,1,0,0,0,0,31.56926144756281,10.5,0.8421052631578947,0.4221105527638191,6.5,0,0,1
0,0,1,0,1,0,0,1,1,0,0,0,60.92,5.0,0.35185185185185186,0.4221105527638191,4.0,4,99,1
1,0,1,0,1,0,0,1,1,1,0,0,16.08,0.75,0.45255474452554745,0.4221105527638191,1.75,5,690,1
0,0,1,0,1,0,0,1,1,0,0,0,28.17,0.375,0.6538461538461539,0.4221105527638191,0.585,4,0,1
1,0,1,0,1,0,0,1,1,1,0,0,39.17,1.71,0.8421052631578947,0.4221105527638191,0.125,5,0,1
1,0,1,0,1,0,0,1,1,0,0,0,20.42,7.5,0.27450980392156865,0.4221105527638191,1.5,1,234,1
0,0,1,0,1,0,0,1,1,1,0,0,30.0,5.29,0.56,0.3333333333333333,2.25,5,500,1
1,0,1,0,1,0,0,1,1,0,0,0,22.83,3.0,0.42105263157894735,0.4221105527638191,1.29,1,800,1
0,0,1,0,1,0,0,1,1,0,0,0,22.5,8.5,0.6538461538461539,0.4221105527638191,1.75,10,990,0
0,0,1,0,1,0,0,1,0,1,0,0,28.58,1.665,0.6538461538461539,0.4221105527638191,2.415,0,0,0
1,0,1,0,1,0,0,1,0,1,0,0,45.17,1.5,0.45255474452554745,0.4221105527638191,2.5,0,0,0
1,0,1,0,1,0,0,1,0,0,0,0,41.58,1.75,0.27450980392156865,0.4221105527638191,0.21,0,0,0
0,0,1,0,1,0,0,1,0,1,0,0,57.08,0.335,0.23728813559322035,0.423728813559322,1.0,0,1584,0
0,0,1,0,1,0,0,1,1,1,0,0,55.75,7.08,0.27450980392156865,0.6304347826086957,6.75,3,50,0
1,0,1,0,1,0,0,1,1,0,0,0,43.25,25.21,0.6538461538461539,0.6304347826086957,0.21,1,90,0
0,0,1,0,1,0,0,1,0,1,0,0,25.33,2.085,0.45255474452554745,0.6304347826086957,2.75,0,1,0
0,0,1,0,1,0,0,1,0,0,0,0,24.58,0.67,0.35185185185185186,0.6304347826086957,1.75,0,0,0
1,0,1,0,1,0,0,1,0,0,0,0,43.17,2.25,0.23728813559322035,0.423728813559322,0.75,0,0,0
1,0,1,0,1,0,0,1,0,0,0,0,40.92,0.835,0.1320754716981132,0.14035087719298245,0.0,0,1,0
1,0,1,0,1,0,0,1,0,1,0,0,31.83,2.5,0.35185185185185186,0.4221105527638191,7.5,0,0,0
0,0,0,1,0,0,1,1,0,0,0,0,33.92,1.585,0.1320754716981132,0.14035087719298245,0.0,0,0,0
0,0,1,0,1,0,0,1,0,0,0,0,24.92,1.25,0.1320754716981132,0.14035087719298245,0.0,0,0,0
1,0,1,0,1,0,0,1,0,1,0,0,35.25,3.165,0.8421052631578947,0.6304347826086957,3.75,0,0,0
1,0,1,0,1,0,0,1,0,1,0,0,34.25,1.75,0.5079365079365079,0.423728813559322,0.25,0,0,0
1,0,1,0,1,0,0,1,0,0,0,0,67.0,5.5,0.4444444444444444,0.4444444444444444,0.54,0,340,0
1,0,0,1,0,0,1,1,0,1,0,0,19.42,1.5,0.7073170731707317,0.4221105527638191,2.0,0,20,0
1,0,1,0,1,0,0,1,0,0,0,0,42.75,3.0,0.23728813559322035,0.423728813559322,1.0,0,200,0
1,0,0,1,0,0,1,1,0,1,0,0,19.67,10.0,0.27450980392156865,0.6304347826086957,0.835,0,0,0
1,0,1,0,1,0,0,1,0,1,0,0,36.33,3.79,0.5079365079365079,0.4221105527638191,1.165,0,0,0
1,0,0,1,0,0,1,1,1,1,0,0,30.08,1.04,0.23728813559322035,0.423728813559322,0.5,10,28,0
1,0,0,1,0,0,1,1,0,0,0,1,44.25,11.0,0.23333333333333334,0.4221105527638191,1.5,0,0,0
1,0,0,1,0,0,1,1,1,1,0,0,23.58,0.46,0.5079365079365079,0.4221105527638191,2.625,6,347,0
1,0,1,0,1,0,0,1,1,0,0,0,23.92,1.5,0.23333333333333334,0.6304347826086957,1.875,6,327,1
1,0,1,0,1,0,0,1,1,1,0,0,33.17,1.0,0.8421052631578947,0.4221105527638191,0.75,7,1584,1
1,0,1,0,1,0,0,1,0,0,0,1,48.33,12.0,0.42105263157894735,0.4221105527638191,10.0,0,0,1
1,0,1,0,1,0,0,1,1,1,0,0,67.0,22.29,0.56,0.75,10.0,1,109,1
1,0,1,0,1,0,0,1,1,0,0,0,51.33,10.0,0.23728813559322035,0.423728813559322,0.0,11,1249,1
1,0,1,0,1,0,0,1,1,1,0,0,34.75,15.0,0.6666666666666666,0.5,5.375,9,134,1
1,0,1,0,1,0,0,1,1,0,0,0,38.58,3.335,0.5079365079365079,0.4221105527638191,4.0,12,1344,1
0,0,0,1,0,0,1,1,1,0,0,0,22.42,11.25,0.8421052631578947,0.6304347826086957,0.75,4,321,1
1,0,1,0,1,0,0,1,1,0,0,0,41.92,0.42,0.45255474452554745,0.6304347826086957,0.21,6,948,1
1,0,1,0,1,0,0,1,1,1,0,0,29.58,4.5,0.5079365079365079,0.4221105527638191,7.5,2,0,1
0,0,1,0,1,0,0,1,1,0,0,0,32.17,1.46,0.5079365079365079,0.4221105527638191,1.085,12,1584,1
1,0,1,0,1,0,0,1,0,0,0,0,51.42,0.04,0.8421052631578947,0.6304347826086957,0.04,0,1584,1
0,0,1,0,1,0,0,1,1,1,0,0,22.83,2.29,0.6538461538461539,0.6304347826086957,2.29,7,1584,1
0,0,1,0,1,0,0,1,1,0,0,0,25.0,12.33,0.7073170731707317,0.6304347826086957,3.5,6,458,1
1,0,1,0,1,0,0,1,0,0,0,0,26.75,1.125,0.8421052631578947,0.6304347826086957,1.25,0,1584,1
1,0,1,0,1,0,0,1,0,0,0,0,23.33,1.5,0.45255474452554745,0.6304347826086957,1.415,0,200,1
1,0,1,0,1,0,0,1,0,1,0,0,24.42,12.335,0.6538461538461539,0.6304347826086957,1.585,0,0,1
1,0,1,0,1,0,0,1,0,1,0,0,42.17,5.04,0.6538461538461539,0.6304347826086957,10.0,0,0,1
0,0,1,0,1,0,0,1,0,0,0,0,20.83,3.0,0.35185185185185186,0.4221105527638191,0.04,0,0,1
1,0,1,0,1,0,0,1,1,1,0,0,23.08,11.5,0.5079365079365079,0.6304347826086957,2.125,11,284,1
0,0,1,0,1,0,0,1,0,0,0,0,25.17,2.875,0.8421052631578947,0.6304347826086957,0.875,0,0,1
1,0,0,1,0,0,1,1,1,1,0,0,43.08,0.375,0.45255474452554745,0.4221105527638191,0.375,8,162,1
0,0,1,0,1,0,0,1,1,0,0,0,35.75,0.915,0.35185185185185186,0.4221105527638191,0.75,4,1583,1
1,0,1,0,1,0,0,1,1,1,0,0,59.5,2.75,0.5079365079365079,0.4221105527638191,1.75,5,58,1
1,0,0,1,0,0,1,1,1,1,0,0,21.0,3.0,0.23333333333333334,0.4221105527638191,1.085,8,1,1
1,0,0,1,0,0,1,1,1,1,0,0,21.92,0.54,0.8421052631578947,0.4221105527638191,0.04,1,59,1
0,0,1,0,1,0,0,1,1,1,0,0,65.17,14.0,0.1320754716981132,0.14035087719298245,0.0,11,1400,1
0,0,1,0,1,0,0,1,1,0,0,0,20.33,10.0,0.45255474452554745,0.6304347826086957,1.0,4,1465,1
1,0,0,1,0,0,1,1,1,1,0,0,32.25,0.165,0.45255474452554745,0.6304347826086957,3.25,1,1584,1
1,0,1,0,1,0,0,1,1,0,0,0,30.17,0.5,0.45255474452554745,0.4221105527638191,1.75,11,540,1
1,0,1,0,1,0,0,1,1,0,0,0,25.17,6.0,0.45255474452554745,0.4221105527638191,1.0,3,0,1
1,0,1,0,1,0,0,1,1,0,0,0,39.17,1.625,0.45255474452554745,0.4221105527638191,1.5,10,1584,1
1,0,1,0,1,0,0,1,1,1,0,0,39.08,6.0,0.42105263157894735,0.4221105527638191,1.29,5,1097,1
1,0,1,0,1,0,0,1,1,1,0,0,31.67,0.83,0.8421052631578947,0.4221105527638191,1.335,8,1584,1
1,0,1,0,1,0,0,0,1,0,0,1,41.0,0.04,0.56,0.4221105527638191,0.04,1,0,1
1,0,1,0,1,0,0,1,0,1,0,0,48.5,4.25,0.42105263157894735,0.4221105527638191,0.125,0,0,1
1,0,0,1,0,0,1,1,0,1,0,0,32.67,9.0,0.5079365079365079,0.6304347826086957,5.25,0,0,1
0,0,0,1,0,0,1,1,0,0,0,0,28.08,15.0,0.56,0.75,0.0,0,1584,1
1,0,1,0,1,0,0,1,0,1,0,0,67.0,17.75,0.1320754716981132,0.14035087719298245,0.0,0,0,1
1,0,1,0,1,0,0,1,1,1,0,0,64.08,20.0,0.8421052631578947,0.6304347826086957,10.0,9,1000,1
1,0,1,0,1,0,0,1,1,0,0,0,51.58,15.0,0.45255474452554745,0.4221105527638191,8.5,9,0,1
1,0,0,1,0,0,1,1,1,1,0,0,26.67,1.75,0.45255474452554745,0.4221105527638191,1.0,5,1584,1
1,0,1,0,1,0,0,1,1,1,0,0,25.33,0.58,0.45255474452554745,0.4221105527638191,0.29,7,1584,1
1,0,1,0,1,0,0,1,1,0,0,0,30.17,6.5,0.7073170731707317,0.4221105527638191,3.125,8,1200,1
1,0,1,0,1,0,0,1,1,1,0,0,27.0,0.75,0.45255474452554745,0.6304347826086957,4.25,3,150,1
1,0,0,0,0,0,0,0,0,0,1,0,23.17,0.0,0.4444444444444444,0.4444444444444444,0.0,0,0,1
1,0,1,0,1,0,0,0,0,1,0,0,34.17,5.25,0.5079365079365079,0.4221105527638191,0.085,0,6,1
1,0,1,0,1,0,0,1,0,1,0,0,38.67,0.21,0.27450980392156865,0.4221105527638191,0.085,0,0,1
1,0,1,0,1,0,0,1,0,0,0,0,25.75,0.75,0.45255474452554745,0.423728813559322,0.25,0,23,1
0,0,1,0,1,0,0,1,1,1,0,0,46.08,3.0,0.45255474452554745,0.4221105527638191,2.375,8,1584,1
0,0,1,0,1,0,0,1,1,0,0,0,21.5,6.0,0.35185185185185186,0.4221105527638191,2.5,3,918,1
1,0,1,0,1,0,0,0,1,0,0,0,20.08,0.125,0.6538461538461539,0.4221105527638191,1.0,1,768,1
1,0,1,0,1,0,0,1,1,1,0,0,20.5,2.415,0.45255474452554745,0.4221105527638191,2.0,11,1584,1
0,0,1,0,1,0,0,1,1,0,0,0,29.5,0.46,0.27450980392156865,0.4221105527638191,0.54,4,500,1
1,0,0,1,0,0,1,0,0,1,0,0,42.25,1.75,0.4444444444444444,0.4444444444444444,0.0,0,1,0
1,0,0,1,0,0,1,0,0,0,0,0,29.83,1.25,0.27450980392156865,0.4221105527638191,0.25,0,0,0
1,0,1,0,1,0,0,0,0,0,0,0,20.08,0.25,0.6538461538461539,0.4221105527638191,0.125,0,0,0
1,0,1,0,1,0,0,1,0,0,0,0,23.42,0.585,0.45255474452554745,0.6304347826086957,0.085,0,0,0
0,0,0,1,0,0,1,0,0,1,0,0,29.58,1.75,0.27450980392156865,0.4221105527638191,1.25,0,0,0
1,0,1,0,1,0,0,0,0,0,0,0,16.17,0.04,0.45255474452554745,0.4221105527638191,0.04,0,0,1
1,0,1,0,1,0,0,0,0,1,0,0,32.33,3.5,0.27450980392156865,0.4221105527638191,0.5,0,0,0
1,0,0,1,0,0,1,0,0,1,0,0,31.56926144756281,0.04,0.23333333333333334,0.4221105527638191,4.25,0,0,0
1,0,1,0,1,0,0,0,0,1,0,0,47.83,4.165,0.8421052631578947,0.423728813559322,0.085,0,0,0
1,0,0,1,0,0,1,0,0,0,0,0,20.0,1.25,0.27450980392156865,0.4221105527638191,0.125,0,4,0
1,0,0,1,0,0,1,0,1,1,0,0,27.58,3.25,0.6538461538461539,0.6304347826086957,5.085,2,1,0
1,0,1,0,1,0,0,0,1,0,0,0,22.0,0.79,0.5079365079365079,0.4221105527638191,0.29,1,283,0
1,0,1,0,1,0,0,0,1,1,0,0,19.33,10.915,0.45255474452554745,0.423728813559322,0.585,2,7,0
0,0,1,0,1,0,0,0,0,0,0,0,38.33,4.415,0.45255474452554745,0.4221105527638191,0.125,0,0,0
1,0,1,0,1,0,0,0,1,1,0,0,29.42,1.25,0.45255474452554745,0.6304347826086957,0.25,2,108,0
1,0,1,0,1,0,0,0,1,1,0,0,22.67,0.75,0.23728813559322035,0.4221105527638191,1.585,1,9,0
1,0,0,1,0,0,1,0,1,0,0,0,32.25,14.0,0.1320754716981132,0.14035087719298245,0.0,2,1,0
1,0,1,0,1,0,0,0,1,1,0,0,29.58,4.75,0.42105263157894735,0.4221105527638191,2.0,1,68,0
1,0,0,1,0,0,1,1,0,0,0,0,18.42,10.415,0.35185185185185186,0.4221105527638191,0.125,0,375,0
1,0,1,0,1,0,0,0,0,0,0,0,22.17,2.25,0.23728813559322035,0.4221105527638191,0.125,0,10,0
1,0,1,0,1,0,0,0,0,1,0,1,22.67,0.165,0.45255474452554745,0.375,2.25,0,0,1
0,0,0,0,0,0,0,0,0,0,1,0,25.58,0.0,0.4444444444444444,0.4444444444444444,0.0,0,0,1
1,0,1,0,1,0,0,0,0,0,0,0,18.83,0.0,0.6538461538461539,0.4221105527638191,0.665,0,1,0
1,0,0,1,0,0,1,0,0,0,0,0,21.58,0.79,0.7073170731707317,0.4221105527638191,0.665,0,0,0
1,0,1,0,1,0,0,0,0,0,0,1,23.75,12.0,0.45255474452554745,0.4221105527638191,2.085,0,0,0
1,0,0,1,0,0,1,0,0,1,0,0,22.0,7.835,0.23728813559322035,0.423728813559322,0.165,0,0,0
1,0,1,0,1,0,0,0,0,0,0,0,36.08,2.54,0.1320754716981132,0.14035087719298245,0.0,0,1000,0
1,0,1,0,1,0,0,0,0,0,0,0,29.25,13.0,0.23333333333333334,0.6304347826086957,0.5,0,0,0
0,0,1,0,1,0,0,0,0,0,0,0,19.58,0.665,0.5079365079365079,0.4221105527638191,1.665,0,5,0
0,0,1,0,1,0,0,0,0,1,0,0,22.92,1.25,0.6538461538461539,0.4221105527638191,0.25,0,809,0
0,0,1,0,1,0,0,0,1,1,0,0,27.25,0.29,0.42105263157894735,0.6304347826086957,0.125,1,108,0
0,0,1,0,1,0,0,0,0,0,0,0,38.75,1.5,0.1320754716981132,0.14035087719298245,0.0,0,0,0
1,0,0,1,0,0,1,0,0,0,0,0,32.42,2.165,0.27450980392156865,0.14035087719298245,0.0,0,0,0
0,0,1,0,1,0,0,0,1,1,0,0,23.75,0.71,0.5079365079365079,0.4221105527638191,0.25,1,4,0
1,0,1,0,1,0,0,0,1,1,0,0,18.17,2.46,0.45255474452554745,0.5,0.96,2,587,0
1,0,0,1,0,0,1,0,0,1,0,0,40.92,0.5,0.42105263157894735,0.4221105527638191,0.5,0,0,0
1,0,1,0,1,0,0,0,0,0,0,0,19.5,9.585,0.35185185185185186,0.4221105527638191,0.79,0,350,0
1,0,1,0,1,0,0,0,0,1,0,0,28.58,3.625,0.35185185185185186,0.4221105527638191,0.25,0,0,0
1,0,1,0,1,0,0,0,0,1,0,0,35.58,0.75,0.27450980392156865,0.4221105527638191,1.5,0,0,0
1,0,1,0,1,0,0,0,0,1,0,0,34.17,2.75,0.23728813559322035,0.423728813559322,2.5,0,200,0
1,0,0,1,0,0,1,0,0,1,0,0,33.17,2.25,0.7073170731707317,0.4221105527638191,3.5,0,141,0
1,0,0,1,0,0,1,0,0,1,0,0,31.58,0.75,0.35185185185185186,0.4221105527638191,3.5,0,0,0
0,0,1,0,1,0,0,0,0,0,0,0,52.5,7.0,0.35185185185185186,0.6304347826086957,3.0,0,0,0
1,0,0,1,0,0,1,0,0,1,0,0,36.17,0.42,0.5079365079365079,0.4221105527638191,0.29,0,2,0
1,0,1,0,1,0,0,0,0,1,0,0,37.33,2.665,0.7073170731707317,0.4221105527638191,0.165,0,501,0
0,0,1,0,1,0,0,0,0,0,0,0,20.83,8.5,0.45255474452554745,0.4221105527638191,0.165,0,351,0
1,0,1,0,1,0,0,0,0,1,0,0,24.08,9.0,0.35185185185185186,0.4221105527638191,0.25,0,0,0
1,0,1,0,1,0,0,0,0,1,0,0,25.58,0.335,0.27450980392156865,0.6304347826086957,3.5,0,0,0
0,0,1,0,1,0,0,0,1,0,0,0,35.17,3.75,0.1320754716981132,0.14035087719298245,0.0,6,200,0
1,0,1,0,1,0,0,0,0,0,0,0,48.08,3.75,0.23728813559322035,0.423728813559322,1.0,0,2,0
0,0,1,0,1,0,0,0,1,1,0,0,15.83,7.625,0.6538461538461539,0.4221105527638191,0.125,1,160,0
0,0,1,0,1,0,0,0,0,1,0,1,22.5,0.415,0.23728813559322035,0.4221105527638191,0.335,0,0,0
1,0,1,0,1,0,0,1,0,1,0,0,21.5,11.5,0.23728813559322035,0.4221105527638191,0.5,0,68,0
0,0,1,0,1,0,0,0,1,1,0,0,23.58,0.83,0.6538461538461539,0.4221105527638191,0.415,1,11,0
0,0,0,1,0,0,1,0,0,0,0,0,21.08,5.0,0.1320754716981132,0.14035087719298245,0.0,0,0,0
1,0,1,0,1,0,0,0,1,1,0,0,25.67,3.25,0.45255474452554745,0.6304347826086957,2.29,1,21,0
0,0,1,0,1,0,0,0,0,0,0,0,38.92,1.665,0.35185185185185186,0.4221105527638191,0.25,0,390,0
0,0,1,0,1,0,0,0,0,0,0,0,15.75,0.375,0.45255474452554745,0.4221105527638191,1.0,0,18,0
0,0,1,0,1,0,0,0,1,1,0,0,28.58,3.75,0.45255474452554745,0.4221105527638191,0.25,1,154,0
1,0,1,0,1,0,0,0,0,0,0,0,22.25,9.0,0.35185185185185186,0.4221105527638191,0.085,0,0,0
1,0,1,0,1,0,0,0,0,0,0,0,29.83,3.5,0.45255474452554745,0.4221105527638191,0.165,0,0,0
0,0,1,0,1,0,0,0,0,1,0,0,23.5,1.5,0.5079365079365079,0.4221105527638191,0.875,0,0,0
1,0,0,1,0,0,1,0,0,1,0,0,32.08,4.0,0.7073170731707317,0.4221105527638191,1.5,0,0,0
1,0,0,1,0,0,1,0,0,0,0,1,31.08,1.5,0.5079365079365079,0.4221105527638191,0.04,0,0,0
1,0,0,1,0,0,1,0,0,0,0,0,31.83,0.04,0.42105263157894735,0.4221105527638191,0.04,0,0,0
0,0,1,0,1,0,0,0,0,1,0,0,21.75,11.75,0.45255474452554745,0.4221105527638191,0.25,0,0,0
0,0,1,0,1,0,0,0,1,1,0,0,17.92,0.54,0.45255474452554745,0.4221105527638191,1.75,1,5,0
1,0,1,0,1,0,0,0,0,1,0,1,30.33,0.5,0.23333333333333334,0.6304347826086957,0.085,0,0,0
1,0,0,1,0,0,1,0,0,0,0,0,51.83,2.04,0.1320754716981132,0.14035087719298245,1.5,0,1,0
1,0,1,0,1,0,0,0,0,0,0,0,47.17,5.835,0.5079365079365079,0.4221105527638191,5.5,0,150,0
1,0,1,0,1,0,0,0,0,0,0,0,25.83,12.835,0.7073170731707317,0.4221105527638191,0.5,0,2,0
0,0,1,0,1,0,0,0,0,1,0,0,50.25,0.835,0.35185185185185186,0.4221105527638191,0.5,0,117,0
1,0,0,1,0,0,1,0,0,0,0,0,29.5,2.0,0.56,0.6304347826086957,2.0,0,17,0
0,0,1,0,1,0,0,0,0,0,0,0,37.33,2.5,0.23728813559322035,0.6304347826086957,0.21,0,246,0
0,0,1,0,1,0,0,0,0,0,0,0,41.58,1.04,0.35185185185185186,0.4221105527638191,0.665,0,237,0
0,0,1,0,1,0,0,0,1,1,0,0,30.58,10.665,0.6538461538461539,0.6304347826086957,0.085,12,3,0
1,0,1,0,1,0,0,0,1,0,0,0,19.42,7.25,0.42105263157894735,0.4221105527638191,0.04,1,1,0
0,0,1,0,1,0,0,0,0,0,0,0,17.92,10.21,0.1320754716981132,0.14035087719298245,0.0,0,50,0
0,0,1,0,1,0,0,0,0,0,0,0,20.08,1.25,0.45255474452554745,0.4221105527638191,0.0,0,0,0
1,0,1,0,1,0,0,0,0,0,0,0,19.5,0.29,0.27450980392156865,0.4221105527638191,0.29,0,364,0
1,0,0,1,0,0,1,0,0,0,0,0,27.83,1.0,0.23333333333333334,0.6304347826086957,3.0,0,537,0
1,0,1,0,1,0,0,0,0,1,0,0,17.08,3.29,0.23728813559322035,0.4221105527638191,0.335,0,2,0
1,0,0,1,0,0,1,0,0,0,0,0,36.42,0.75,0.23333333333333334,0.4221105527638191,0.585,0,3,0
1,0,1,0,1,0,0,0,0,1,0,1,40.58,3.29,0.42105263157894735,0.4221105527638191,3.5,0,0,0
1,0,0,1,0,0,1,0,0,0,0,0,21.08,10.085,0.56,0.6304347826086957,1.25,0,0,0
0,0,1,0,1,0,0,0,1,1,0,0,22.67,0.75,0.45255474452554745,0.4221105527638191,2.0,2,394,0
0,0,0,1,0,0,1,0,1,1,0,0,25.25,13.5,0.1320754716981132,0.14035087719298245,2.0,1,1,0
1,0,1,0,1,0,0,0,0,0,0,0,17.92,0.205,0.35185185185185186,0.4221105527638191,0.04,0,750,0
1,0,1,0,1,0,0,0,0,1,0,0,35.0,3.375,0.45255474452554745,0.6304347826086957,8.29,0,0,0
